{"_step":7,"acc":0.8808074865941412,"loss":0.1708011898042177,"_timestamp":1.753462237207862e+09,"_wandb":{"runtime":0},"_runtime":0}